date,mine_id,rainfall_mm,soil_moisture,NDVI,LST
2023-01-01,DEMO-01,0.0,0.22,0.32,25.53
2023-01-02,DEMO-01,0.0,0.18,0.317,25.99
2023-01-03,DEMO-01,0.0,0.148,0.313,26.59
2023-01-04,DEMO-01,0.4,0.126,0.307,25.18
2023-01-05,DEMO-01,1.59,0.122,0.302,25.93
2023-01-06,DEMO-01,0.0,0.1,0.296,25.35
2023-01-07,DEMO-01,0.0,0.082,0.29,25.4
2023-01-08,DEMO-01,0.4,0.072,0.283,23.33
2023-01-09,DEMO-01,0.0,0.059,0.276,24.16
2023-01-10,DEMO-01,4.1,0.093,0.273,23.61
2023-01-11,DEMO-01,4.06,0.121,0.271,22.66
2023-01-12,DEMO-01,9.45,0.189,0.273,21.65
2023-01-13,DEMO-01,0.0,0.155,0.274,23.95
2023-01-14,DEMO-01,0.0,0.127,0.272,24.16
2023-01-15,DEMO-01,0.0,0.104,0.269,24.66
2023-01-16,DEMO-01,0.4,0.09,0.266,25.26
2023-01-17,DEMO-01,0.02,0.074,0.262,24.77
2023-01-18,DEMO-01,0.0,0.061,0.258,24.14
2023-01-19,DEMO-01,0.4,0.055,0.253,23.19
2023-01-20,DEMO-01,0.0,0.05,0.249,25.73
2023-01-21,DEMO-01,0.0,0.05,0.245,24.36
2023-01-22,DEMO-01,0.0,0.05,0.242,23.91
2023-01-23,DEMO-01,0.0,0.05,0.239,24.26
2023-01-24,DEMO-01,0.0,0.05,0.236,23.51
2023-01-25,DEMO-01,0.88,0.052,0.234,23.75
2023-01-26,DEMO-01,0.0,0.05,0.231,23.78
2023-01-27,DEMO-01,0.4,0.05,0.229,24.16
2023-01-28,DEMO-01,0.83,0.051,0.228,25.47
2023-01-29,DEMO-01,0.4,0.05,0.226,25.18
2023-01-30,DEMO-01,0.0,0.05,0.224,26.83
2023-01-31,DEMO-01,0.0,0.05,0.223,26.39
2023-02-01,DEMO-01,0.4,0.05,0.222,27.44
2023-02-02,DEMO-01,0.0,0.05,0.221,25.54
2023-02-03,DEMO-01,0.0,0.05,0.22,25.55
2023-02-04,DEMO-01,0.0,0.05,0.219,24.15
2023-02-05,DEMO-01,0.0,0.05,0.218,26.03
2023-02-06,DEMO-01,0.0,0.05,0.217,24.0
2023-02-07,DEMO-01,0.4,0.05,0.217,22.88
2023-02-08,DEMO-01,12.55,0.151,0.222,26.37
2023-02-09,DEMO-01,0.0,0.124,0.226,23.32
2023-02-10,DEMO-01,0.0,0.102,0.228,25.73
2023-02-11,DEMO-01,0.0,0.084,0.228,23.94
2023-02-12,DEMO-01,0.0,0.068,0.227,26.81
2023-02-13,DEMO-01,0.0,0.056,0.226,27.06
2023-02-14,DEMO-01,0.4,0.051,0.225,26.07
2023-02-15,DEMO-01,2.23,0.067,0.224,27.02
2023-02-16,DEMO-01,0.0,0.055,0.223,25.5
2023-02-17,DEMO-01,0.0,0.05,0.222,28.68
2023-02-18,DEMO-01,0.0,0.05,0.221,26.67
2023-02-19,DEMO-01,0.0,0.05,0.22,24.44
2023-02-20,DEMO-01,0.0,0.05,0.219,25.87
2023-02-21,DEMO-01,0.0,0.05,0.218,25.64
2023-02-22,DEMO-01,0.0,0.05,0.218,25.58
2023-02-23,DEMO-01,0.4,0.05,0.217,23.67
2023-02-24,DEMO-01,0.0,0.05,0.216,26.64
2023-02-25,DEMO-01,3.1,0.076,0.217,24.05
2023-02-26,DEMO-01,0.87,0.073,0.218,22.68
2023-02-27,DEMO-01,0.0,0.059,0.218,25.88
2023-02-28,DEMO-01,0.0,0.05,0.217,25.4
2023-03-01,DEMO-01,0.0,0.05,0.217,25.34
2023-03-02,DEMO-01,0.0,0.05,0.216,22.3
2023-03-03,DEMO-01,0.0,0.05,0.216,25.55
2023-03-04,DEMO-01,0.0,0.05,0.215,26.6
2023-03-05,DEMO-01,0.4,0.05,0.215,26.03
2023-03-06,DEMO-01,0.0,0.05,0.214,27.59
2023-03-07,DEMO-01,0.0,0.05,0.214,29.1
2023-03-08,DEMO-01,0.0,0.05,0.214,27.98
2023-03-09,DEMO-01,1.28,0.056,0.214,28.72
2023-03-10,DEMO-01,0.0,0.05,0.214,29.02
2023-03-11,DEMO-01,1.45,0.058,0.214,26.06
2023-03-12,DEMO-01,0.0,0.05,0.214,28.31
2023-03-13,DEMO-01,0.0,0.05,0.213,29.2
2023-03-14,DEMO-01,0.0,0.05,0.213,27.31
2023-03-15,DEMO-01,0.0,0.05,0.213,26.93
2023-03-16,DEMO-01,0.4,0.05,0.213,28.87
2023-03-17,DEMO-01,0.0,0.05,0.212,26.2
2023-03-18,DEMO-01,0.4,0.05,0.212,26.84
2023-03-19,DEMO-01,0.0,0.05,0.212,27.58
2023-03-20,DEMO-01,0.0,0.05,0.212,29.27
2023-03-21,DEMO-01,0.0,0.05,0.212,29.06
2023-03-22,DEMO-01,0.0,0.05,0.212,30.33
2023-03-23,DEMO-01,0.0,0.05,0.212,27.72
2023-03-24,DEMO-01,2.66,0.071,0.213,27.6
2023-03-25,DEMO-01,0.0,0.058,0.213,29.99
2023-03-26,DEMO-01,0.0,0.05,0.213,28.27
2023-03-27,DEMO-01,6.88,0.111,0.217,28.24
2023-03-28,DEMO-01,2.25,0.117,0.22,26.9
2023-03-29,DEMO-01,1.82,0.117,0.223,30.06
2023-03-30,DEMO-01,0.4,0.101,0.225,32.03
2023-03-31,DEMO-01,1.28,0.098,0.227,28.51
2023-04-01,DEMO-01,0.4,0.085,0.227,31.56
2023-04-02,DEMO-01,0.0,0.07,0.227,30.2
2023-04-03,DEMO-01,0.0,0.057,0.226,27.95
2023-04-04,DEMO-01,0.0,0.05,0.224,29.29
2023-04-05,DEMO-01,0.02,0.05,0.223,29.34
2023-04-06,DEMO-01,0.0,0.05,0.222,30.36
2023-04-07,DEMO-01,2.42,0.069,0.222,31.37
2023-04-08,DEMO-01,0.0,0.056,0.221,33.66
2023-04-09,DEMO-01,0.4,0.051,0.22,29.17
2023-04-10,DEMO-01,0.0,0.05,0.219,30.65
2023-04-11,DEMO-01,0.4,0.05,0.218,30.17
2023-04-12,DEMO-01,0.0,0.05,0.218,29.81
2023-04-13,DEMO-01,0.0,0.05,0.217,31.84
2023-04-14,DEMO-01,0.0,0.05,0.216,31.84
2023-04-15,DEMO-01,0.0,0.05,0.216,29.42
2023-04-16,DEMO-01,8.51,0.124,0.22,31.58
2023-04-17,DEMO-01,0.0,0.102,0.222,30.52
2023-04-18,DEMO-01,0.0,0.083,0.223,32.35
2023-04-19,DEMO-01,0.0,0.068,0.223,34.23
2023-04-20,DEMO-01,0.0,0.056,0.222,33.22
2023-04-21,DEMO-01,0.0,0.05,0.221,32.94
2023-04-22,DEMO-01,0.0,0.05,0.22,32.07
2023-04-23,DEMO-01,0.4,0.05,0.219,33.0
2023-04-24,DEMO-01,0.57,0.05,0.218,33.8
2023-04-25,DEMO-01,0.0,0.05,0.218,33.81
2023-04-26,DEMO-01,1.22,0.055,0.217,33.05
2023-04-27,DEMO-01,2.29,0.072,0.218,33.54
2023-04-28,DEMO-01,0.4,0.064,0.218,31.62
2023-04-29,DEMO-01,0.4,0.057,0.218,32.54
2023-04-30,DEMO-01,0.0,0.05,0.217,34.68
2023-05-01,DEMO-01,0.0,0.05,0.217,34.97
2023-05-02,DEMO-01,0.0,0.05,0.216,34.02
2023-05-03,DEMO-01,0.4,0.05,0.216,36.03
2023-05-04,DEMO-01,0.0,0.05,0.215,34.79
2023-05-05,DEMO-01,0.0,0.05,0.215,33.84
2023-05-06,DEMO-01,0.4,0.05,0.214,32.53
2023-05-07,DEMO-01,0.0,0.05,0.214,36.36
2023-05-08,DEMO-01,0.0,0.05,0.214,35.51
2023-05-09,DEMO-01,0.0,0.05,0.213,37.02
2023-05-10,DEMO-01,0.0,0.05,0.213,37.62
2023-05-11,DEMO-01,0.0,0.05,0.213,32.86
2023-05-12,DEMO-01,0.0,0.05,0.213,32.93
2023-05-13,DEMO-01,3.65,0.081,0.215,30.56
2023-05-14,DEMO-01,0.0,0.067,0.215,36.15
2023-05-15,DEMO-01,3.52,0.094,0.218,35.62
2023-05-16,DEMO-01,20.84,0.228,0.228,33.82
2023-05-17,DEMO-01,0.0,0.187,0.235,33.32
2023-05-18,DEMO-01,0.0,0.153,0.239,34.96
2023-05-19,DEMO-01,0.4,0.13,0.241,35.37
2023-05-20,DEMO-01,0.0,0.107,0.241,36.28
2023-05-21,DEMO-01,0.4,0.093,0.241,35.58
2023-05-22,DEMO-01,0.0,0.076,0.24,36.19
2023-05-23,DEMO-01,0.0,0.062,0.238,35.12
2023-05-24,DEMO-01,0.0,0.051,0.235,36.98
2023-05-25,DEMO-01,2.39,0.069,0.234,36.09
2023-05-26,DEMO-01,0.0,0.057,0.232,33.72
2023-05-27,DEMO-01,0.0,0.05,0.23,37.35
2023-05-28,DEMO-01,0.0,0.05,0.228,37.14
2023-05-29,DEMO-01,0.93,0.052,0.226,36.03
2023-05-30,DEMO-01,7.24,0.116,0.229,35.39
2023-05-31,DEMO-01,19.19,0.239,0.239,36.58
2023-06-01,DEMO-01,2.58,0.225,0.247,33.02
2023-06-02,DEMO-01,0.0,0.185,0.252,37.21
2023-06-03,DEMO-01,17.37,0.288,0.262,33.72
2023-06-04,DEMO-01,25.2,0.402,0.279,35.43
2023-06-05,DEMO-01,0.4,0.334,0.29,35.61
2023-06-06,DEMO-01,7.22,0.347,0.3,33.27
2023-06-07,DEMO-01,1.09,0.297,0.307,34.68
2023-06-08,DEMO-01,0.0,0.244,0.309,36.87
2023-06-09,DEMO-01,0.5,0.206,0.309,35.09
2023-06-10,DEMO-01,0.0,0.169,0.307,34.53
2023-06-11,DEMO-01,0.0,0.138,0.303,34.5
2023-06-12,DEMO-01,0.0,0.114,0.297,36.26
2023-06-13,DEMO-01,6.48,0.16,0.295,37.39
2023-06-14,DEMO-01,0.0,0.131,0.292,32.32
2023-06-15,DEMO-01,8.32,0.189,0.293,38.69
2023-06-16,DEMO-01,0.0,0.155,0.291,35.55
2023-06-17,DEMO-01,3.49,0.166,0.29,35.83
2023-06-18,DEMO-01,42.83,0.336,0.3,31.91
2023-06-19,DEMO-01,7.5,0.35,0.31,34.7
2023-06-20,DEMO-01,0.0,0.287,0.314,35.41
2023-06-21,DEMO-01,0.0,0.235,0.316,33.64
2023-06-22,DEMO-01,6.41,0.259,0.318,33.54
2023-06-23,DEMO-01,44.0,0.413,0.33,33.95
2023-06-24,DEMO-01,0.0,0.339,0.336,32.83
2023-06-25,DEMO-01,9.75,0.37,0.343,34.98
2023-06-26,DEMO-01,21.13,0.455,0.355,33.1
2023-06-27,DEMO-01,0.0,0.373,0.361,33.56
2023-06-28,DEMO-01,63.02,0.519,0.375,33.69
2023-06-29,DEMO-01,0.4,0.431,0.382,33.48
2023-06-30,DEMO-01,58.54,0.565,0.397,29.57
2023-07-01,DEMO-01,47.39,0.667,0.417,31.55
2023-07-02,DEMO-01,7.19,0.62,0.431,33.22
2023-07-03,DEMO-01,0.0,0.508,0.438,34.73
2023-07-04,DEMO-01,28.63,0.592,0.449,33.12
2023-07-05,DEMO-01,0.0,0.485,0.452,34.99
2023-07-06,DEMO-01,0.0,0.398,0.449,34.47
2023-07-07,DEMO-01,13.1,0.44,0.45,32.82
2023-07-08,DEMO-01,21.08,0.513,0.455,34.18
2023-07-09,DEMO-01,17.1,0.555,0.461,33.35
2023-07-10,DEMO-01,29.47,0.633,0.473,32.02
2023-07-11,DEMO-01,6.18,0.583,0.479,36.23
2023-07-12,DEMO-01,23.37,0.638,0.489,32.9
2023-07-13,DEMO-01,70.32,0.738,0.504,31.65
2023-07-14,DEMO-01,0.0,0.606,0.509,36.23
2023-07-15,DEMO-01,26.57,0.666,0.517,34.65
2023-07-16,DEMO-01,101.62,0.766,0.531,29.11
2023-07-17,DEMO-01,30.21,0.807,0.546,32.61
2023-07-18,DEMO-01,93.69,0.88,0.564,28.55
2023-07-19,DEMO-01,31.5,0.904,0.582,32.19
2023-07-20,DEMO-01,101.32,0.96,0.601,25.14
2023-07-21,DEMO-01,45.87,0.98,0.62,32.65
2023-07-22,DEMO-01,20.95,0.955,0.635,33.55
2023-07-23,DEMO-01,1.05,0.795,0.639,35.62
2023-07-24,DEMO-01,50.24,0.859,0.646,31.24
2023-07-25,DEMO-01,0.4,0.709,0.643,35.46
2023-07-26,DEMO-01,124.06,0.801,0.647,24.89
2023-07-27,DEMO-01,84.24,0.875,0.654,27.7
2023-07-28,DEMO-01,25.29,0.883,0.662,29.57
2023-07-29,DEMO-01,23.98,0.886,0.668,32.96
2023-07-30,DEMO-01,30.34,0.906,0.676,31.69
2023-07-31,DEMO-01,8.68,0.827,0.678,32.89
2023-08-01,DEMO-01,0.0,0.678,0.67,35.2
2023-08-02,DEMO-01,16.16,0.687,0.663,33.15
2023-08-03,DEMO-01,59.43,0.775,0.663,29.07
2023-08-04,DEMO-01,69.72,0.851,0.668,34.03
2023-08-05,DEMO-01,36.94,0.889,0.674,32.5
2023-08-06,DEMO-01,6.47,0.796,0.674,32.97
2023-08-07,DEMO-01,0.0,0.652,0.665,33.99
2023-08-08,DEMO-01,0.4,0.54,0.65,34.7
2023-08-09,DEMO-01,0.0,0.443,0.63,34.76
2023-08-10,DEMO-01,0.0,0.363,0.608,36.87
2023-08-11,DEMO-01,2.26,0.324,0.585,34.83
2023-08-12,DEMO-01,0.0,0.265,0.561,37.72
2023-08-13,DEMO-01,56.3,0.428,0.549,31.04
2023-08-14,DEMO-01,1.85,0.372,0.536,35.69
2023-08-15,DEMO-01,0.4,0.31,0.519,36.65
2023-08-16,DEMO-01,0.0,0.254,0.501,36.96
2023-08-17,DEMO-01,0.4,0.213,0.482,37.13
2023-08-18,DEMO-01,11.63,0.28,0.469,34.25
2023-08-19,DEMO-01,0.0,0.229,0.455,35.39
2023-08-20,DEMO-01,18.73,0.33,0.448,30.79
2023-08-21,DEMO-01,0.0,0.271,0.438,35.19
2023-08-22,DEMO-01,0.0,0.222,0.426,37.03
2023-08-23,DEMO-01,18.54,0.324,0.421,35.63
2023-08-24,DEMO-01,0.0,0.265,0.414,35.44
2023-08-25,DEMO-01,24.33,0.381,0.414,36.45
2023-08-26,DEMO-01,9.3,0.401,0.415,34.5
2023-08-27,DEMO-01,0.0,0.329,0.412,34.64
2023-08-28,DEMO-01,0.0,0.27,0.406,35.01
2023-08-29,DEMO-01,0.0,0.221,0.397,34.11
2023-08-30,DEMO-01,29.03,0.357,0.397,34.76
2023-08-31,DEMO-01,24.17,0.456,0.404,34.61
2023-09-01,DEMO-01,8.87,0.459,0.41,36.03
2023-09-02,DEMO-01,4.97,0.43,0.414,34.85
2023-09-03,DEMO-01,5.73,0.412,0.416,35.31
2023-09-04,DEMO-01,0.0,0.338,0.413,32.7
2023-09-05,DEMO-01,0.0,0.277,0.407,36.28
2023-09-06,DEMO-01,4.08,0.272,0.401,35.63
2023-09-07,DEMO-01,0.0,0.223,0.393,34.2
2023-09-08,DEMO-01,0.0,0.183,0.383,35.59
2023-09-09,DEMO-01,2.75,0.181,0.374,35.19
2023-09-10,DEMO-01,0.0,0.149,0.364,38.18
2023-09-11,DEMO-01,9.56,0.212,0.358,33.61
2023-09-12,DEMO-01,0.0,0.174,0.351,36.13
2023-09-13,DEMO-01,0.0,0.143,0.343,34.12
2023-09-14,DEMO-01,7.05,0.188,0.339,34.39
2023-09-15,DEMO-01,9.48,0.245,0.338,35.38
2023-09-16,DEMO-01,0.4,0.205,0.335,35.23
2023-09-17,DEMO-01,2.9,0.201,0.332,35.32
2023-09-18,DEMO-01,0.4,0.17,0.327,35.91
2023-09-19,DEMO-01,0.0,0.139,0.321,34.73
2023-09-20,DEMO-01,23.3,0.274,0.324,35.16
2023-09-21,DEMO-01,0.4,0.229,0.324,34.87
2023-09-22,DEMO-01,0.0,0.188,0.321,35.13
2023-09-23,DEMO-01,2.5,0.183,0.318,35.56
2023-09-24,DEMO-01,0.4,0.155,0.314,35.44
2023-09-25,DEMO-01,0.0,0.127,0.308,35.98
2023-09-26,DEMO-01,0.0,0.104,0.302,35.46
2023-09-27,DEMO-01,4.13,0.13,0.298,35.34
2023-09-28,DEMO-01,0.8,0.117,0.293,34.36
2023-09-29,DEMO-01,0.4,0.1,0.288,33.27
2023-09-30,DEMO-01,0.0,0.082,0.283,32.71
2023-10-01,DEMO-01,0.4,0.072,0.277,32.26
2023-10-02,DEMO-01,0.0,0.059,0.271,37.01
2023-10-03,DEMO-01,0.4,0.053,0.265,31.33
2023-10-04,DEMO-01,0.4,0.05,0.26,36.01
2023-10-05,DEMO-01,0.4,0.05,0.255,33.09
2023-10-06,DEMO-01,0.0,0.05,0.25,35.83
2023-10-07,DEMO-01,0.0,0.05,0.246,30.98
2023-10-08,DEMO-01,0.0,0.05,0.243,33.64
2023-10-09,DEMO-01,0.0,0.05,0.24,35.9
2023-10-10,DEMO-01,0.0,0.05,0.237,34.76
2023-10-11,DEMO-01,0.0,0.05,0.234,33.18
2023-10-12,DEMO-01,0.0,0.05,0.232,30.82
2023-10-13,DEMO-01,0.4,0.05,0.23,31.55
2023-10-14,DEMO-01,0.0,0.05,0.228,35.26
2023-10-15,DEMO-01,0.4,0.05,0.226,32.68
2023-10-16,DEMO-01,0.35,0.05,0.225,32.96
2023-10-17,DEMO-01,0.0,0.05,0.223,33.36
2023-10-18,DEMO-01,0.0,0.05,0.222,31.02
2023-10-19,DEMO-01,0.4,0.05,0.221,33.26
2023-10-20,DEMO-01,0.4,0.05,0.22,31.98
2023-10-21,DEMO-01,0.0,0.05,0.219,32.88
2023-10-22,DEMO-01,0.4,0.05,0.218,31.51
2023-10-23,DEMO-01,0.0,0.05,0.218,30.02
2023-10-24,DEMO-01,3.03,0.075,0.218,31.3
2023-10-25,DEMO-01,0.0,0.062,0.218,32.86
2023-10-26,DEMO-01,0.0,0.051,0.218,32.39
2023-10-27,DEMO-01,0.4,0.05,0.217,31.72
2023-10-28,DEMO-01,0.0,0.05,0.216,32.83
2023-10-29,DEMO-01,0.0,0.05,0.216,31.16
2023-10-30,DEMO-01,0.0,0.05,0.215,31.39
2023-10-31,DEMO-01,0.0,0.05,0.215,30.51
2023-11-01,DEMO-01,1.81,0.062,0.215,32.28
2023-11-02,DEMO-01,0.4,0.056,0.215,31.3
2023-11-03,DEMO-01,4.27,0.092,0.217,29.74
2023-11-04,DEMO-01,0.0,0.076,0.218,28.57
2023-11-05,DEMO-01,0.0,0.062,0.218,32.07
2023-11-06,DEMO-01,0.0,0.051,0.218,29.35
2023-11-07,DEMO-01,0.0,0.05,0.217,30.36
2023-11-08,DEMO-01,0.0,0.05,0.216,33.42
2023-11-09,DEMO-01,0.4,0.05,0.216,31.09
2023-11-10,DEMO-01,1.27,0.056,0.216,32.04
2023-11-11,DEMO-01,0.0,0.05,0.215,28.98
2023-11-12,DEMO-01,0.0,0.05,0.215,31.11
2023-11-13,DEMO-01,0.0,0.05,0.214,29.52
2023-11-14,DEMO-01,0.82,0.051,0.214,29.81
2023-11-15,DEMO-01,0.0,0.05,0.214,32.05
2023-11-16,DEMO-01,0.4,0.05,0.214,28.68
2023-11-17,DEMO-01,0.0,0.05,0.213,29.0
2023-11-18,DEMO-01,0.0,0.05,0.213,27.58
2023-11-19,DEMO-01,2.37,0.068,0.214,29.82
2023-11-20,DEMO-01,0.0,0.056,0.214,27.81
2023-11-21,DEMO-01,0.0,0.05,0.214,29.91
2023-11-22,DEMO-01,0.4,0.05,0.213,26.02
2023-11-23,DEMO-01,0.0,0.05,0.213,29.0
2023-11-24,DEMO-01,0.0,0.05,0.213,27.22
2023-11-25,DEMO-01,0.0,0.05,0.213,29.02
2023-11-26,DEMO-01,0.4,0.05,0.213,27.84
2023-11-27,DEMO-01,0.4,0.05,0.212,26.99
2023-11-28,DEMO-01,0.4,0.05,0.212,27.09
2023-11-29,DEMO-01,0.0,0.05,0.212,26.35
2023-11-30,DEMO-01,0.4,0.05,0.212,28.58
2023-12-01,DEMO-01,0.0,0.05,0.212,25.86
2023-12-02,DEMO-01,0.87,0.051,0.212,26.79
2023-12-03,DEMO-01,0.4,0.05,0.212,27.57
2023-12-04,DEMO-01,0.0,0.05,0.212,29.27
2023-12-05,DEMO-01,0.15,0.05,0.212,26.88
2023-12-06,DEMO-01,0.0,0.05,0.212,26.47
2023-12-07,DEMO-01,0.0,0.05,0.212,27.09
2023-12-08,DEMO-01,1.89,0.063,0.212,23.59
2023-12-09,DEMO-01,0.0,0.052,0.212,24.84
2023-12-10,DEMO-01,0.4,0.05,0.212,25.87
2023-12-11,DEMO-01,0.0,0.05,0.212,25.33
2023-12-12,DEMO-01,1.14,0.055,0.212,23.93
2023-12-13,DEMO-01,0.0,0.05,0.212,27.36
2023-12-14,DEMO-01,2.29,0.067,0.213,26.29
2023-12-15,DEMO-01,0.0,0.055,0.213,26.18
2023-12-16,DEMO-01,0.0,0.05,0.213,24.93
2023-12-17,DEMO-01,0.0,0.05,0.213,25.94
2023-12-18,DEMO-01,5.07,0.095,0.215,26.15
2023-12-19,DEMO-01,1.18,0.092,0.218,25.23
2023-12-20,DEMO-01,0.4,0.08,0.219,26.2
2023-12-21,DEMO-01,0.4,0.071,0.219,24.39
2023-12-22,DEMO-01,0.4,0.063,0.219,25.57
2023-12-23,DEMO-01,0.4,0.056,0.219,26.97
2023-12-24,DEMO-01,0.0,0.05,0.218,27.06
2023-12-25,DEMO-01,1.9,0.063,0.218,27.01
2023-12-26,DEMO-01,0.4,0.057,0.218,25.58
2023-12-27,DEMO-01,0.0,0.05,0.217,25.2
2023-12-28,DEMO-01,0.0,0.05,0.217,24.47
2023-12-29,DEMO-01,0.0,0.05,0.216,22.51
2023-12-30,DEMO-01,0.0,0.05,0.215,23.11
2023-12-31,DEMO-01,0.0,0.05,0.215,24.71
2024-01-01,DEMO-01,0.96,0.052,0.215,24.68
2024-01-02,DEMO-01,0.4,0.05,0.214,26.8
2024-01-03,DEMO-01,0.0,0.05,0.214,26.65
2024-01-04,DEMO-01,0.0,0.05,0.214,23.81
2024-01-05,DEMO-01,0.4,0.05,0.213,25.86
2024-01-06,DEMO-01,0.4,0.05,0.213,24.01
2024-01-07,DEMO-01,0.0,0.05,0.213,25.63
2024-01-08,DEMO-01,0.0,0.05,0.213,25.77
2024-01-09,DEMO-01,0.0,0.05,0.213,26.36
2024-01-10,DEMO-01,0.0,0.05,0.212,23.91
2024-01-11,DEMO-01,0.0,0.05,0.212,25.99
2024-01-12,DEMO-01,0.0,0.05,0.212,21.93
2024-01-13,DEMO-01,1.14,0.055,0.212,26.28
2024-01-14,DEMO-01,1.0,0.057,0.213,24.43
2024-01-15,DEMO-01,0.0,0.05,0.212,24.51
2024-01-16,DEMO-01,0.0,0.05,0.212,21.66
2024-01-17,DEMO-01,0.0,0.05,0.212,23.96
2024-01-18,DEMO-01,2.63,0.071,0.213,26.23
2024-01-19,DEMO-01,1.13,0.072,0.214,23.83
2024-01-20,DEMO-01,0.0,0.059,0.215,25.5
2024-01-21,DEMO-01,0.0,0.05,0.214,24.55
2024-01-22,DEMO-01,0.0,0.05,0.214,26.0
2024-01-23,DEMO-01,5.68,0.101,0.217,24.44
2024-01-24,DEMO-01,0.0,0.082,0.218,23.23
2024-01-25,DEMO-01,0.0,0.068,0.219,24.63
2024-01-26,DEMO-01,0.0,0.055,0.218,26.81
2024-01-27,DEMO-01,0.0,0.05,0.217,25.28
2024-01-28,DEMO-01,0.0,0.05,0.217,24.45
2024-01-29,DEMO-01,0.0,0.05,0.216,27.79
2024-01-30,DEMO-01,0.4,0.05,0.216,26.26
2024-01-31,DEMO-01,0.0,0.05,0.215,25.83
2024-02-01,DEMO-01,0.0,0.05,0.215,25.17
2024-02-02,DEMO-01,0.0,0.05,0.214,25.78
2024-02-03,DEMO-01,0.0,0.05,0.214,25.86
2024-02-04,DEMO-01,0.0,0.05,0.214,21.78
2024-02-05,DEMO-01,0.0,0.05,0.214,25.43
2024-02-06,DEMO-01,3.49,0.08,0.215,24.47
2024-02-07,DEMO-01,1.49,0.083,0.217,24.17
2024-02-08,DEMO-01,0.36,0.072,0.218,24.72
2024-02-09,DEMO-01,0.0,0.059,0.217,22.89
2024-02-10,DEMO-01,0.54,0.055,0.217,22.56
2024-02-11,DEMO-01,0.0,0.05,0.217,26.92
2024-02-12,DEMO-01,0.4,0.05,0.216,25.85
2024-02-13,DEMO-01,0.0,0.05,0.215,21.91
2024-02-14,DEMO-01,0.0,0.05,0.215,24.55
2024-02-15,DEMO-01,0.0,0.05,0.215,26.65
2024-02-16,DEMO-01,0.0,0.05,0.214,25.09
2024-02-17,DEMO-01,0.0,0.05,0.214,27.3
2024-02-18,DEMO-01,0.0,0.05,0.214,27.1
2024-02-19,DEMO-01,0.4,0.05,0.213,23.78
2024-02-20,DEMO-01,0.0,0.05,0.213,25.58
2024-02-21,DEMO-01,3.68,0.082,0.215,25.0
2024-02-22,DEMO-01,0.0,0.067,0.216,23.99
2024-02-23,DEMO-01,6.28,0.12,0.219,23.59
2024-02-24,DEMO-01,0.4,0.103,0.222,24.95
2024-02-25,DEMO-01,7.36,0.158,0.227,24.83
2024-02-26,DEMO-01,1.41,0.146,0.232,26.58
2024-02-27,DEMO-01,0.0,0.12,0.234,27.83
2024-02-28,DEMO-01,0.0,0.098,0.235,27.18
2024-02-29,DEMO-01,0.0,0.081,0.234,27.6
2024-03-01,DEMO-01,0.4,0.071,0.233,26.25
2024-03-02,DEMO-01,0.0,0.058,0.232,27.59
2024-03-03,DEMO-01,0.0,0.05,0.23,26.63
2024-03-04,DEMO-01,0.4,0.05,0.228,26.3
2024-03-05,DEMO-01,0.0,0.05,0.226,29.7
2024-03-06,DEMO-01,0.96,0.052,0.225,23.83
2024-03-07,DEMO-01,0.0,0.05,0.223,24.63
2024-03-08,DEMO-01,0.0,0.05,0.222,27.9
2024-03-09,DEMO-01,0.0,0.05,0.221,27.1
2024-03-10,DEMO-01,5.19,0.096,0.223,25.25
2024-03-11,DEMO-01,3.01,0.113,0.226,26.03
2024-03-12,DEMO-01,1.93,0.115,0.228,26.39
2024-03-13,DEMO-01,0.0,0.094,0.229,29.17
2024-03-14,DEMO-01,0.0,0.077,0.229,29.73
2024-03-15,DEMO-01,0.4,0.068,0.228,30.43
2024-03-16,DEMO-01,2.04,0.079,0.228,25.92
2024-03-17,DEMO-01,0.0,0.065,0.228,26.48
2024-03-18,DEMO-01,0.0,0.053,0.226,26.5
2024-03-19,DEMO-01,0.0,0.05,0.225,30.44
2024-03-20,DEMO-01,0.0,0.05,0.223,29.34
2024-03-21,DEMO-01,3.71,0.082,0.224,28.76
2024-03-22,DEMO-01,0.0,0.067,0.224,29.33
2024-03-23,DEMO-01,0.0,0.055,0.223,29.05
2024-03-24,DEMO-01,0.0,0.05,0.222,27.69
2024-03-25,DEMO-01,0.0,0.05,0.221,30.1
2024-03-26,DEMO-01,0.0,0.05,0.22,29.25
2024-03-27,DEMO-01,0.0,0.05,0.219,27.96
2024-03-28,DEMO-01,1.02,0.053,0.218,30.51
2024-03-29,DEMO-01,0.0,0.05,0.217,29.3
2024-03-30,DEMO-01,0.0,0.05,0.217,30.35
2024-03-31,DEMO-01,0.0,0.05,0.216,29.98
2024-04-01,DEMO-01,0.0,0.05,0.216,31.53
2024-04-02,DEMO-01,0.4,0.05,0.215,30.7
2024-04-03,DEMO-01,0.0,0.05,0.215,29.31
2024-04-04,DEMO-01,0.0,0.05,0.214,31.13
2024-04-05,DEMO-01,0.0,0.05,0.214,31.3
2024-04-06,DEMO-01,0.0,0.05,0.214,31.65
2024-04-07,DEMO-01,2.64,0.071,0.215,32.35
2024-04-08,DEMO-01,0.4,0.063,0.215,30.31
2024-04-09,DEMO-01,0.0,0.052,0.215,32.26
2024-04-10,DEMO-01,0.0,0.05,0.215,29.04
2024-04-11,DEMO-01,0.0,0.05,0.214,31.41
2024-04-12,DEMO-01,0.4,0.05,0.214,31.3
2024-04-13,DEMO-01,0.0,0.05,0.214,33.86
2024-04-14,DEMO-01,0.07,0.05,0.213,31.74
2024-04-15,DEMO-01,0.0,0.05,0.213,32.94
2024-04-16,DEMO-01,1.05,0.053,0.213,29.68
2024-04-17,DEMO-01,0.4,0.05,0.213,31.82
2024-04-18,DEMO-01,1.32,0.057,0.213,31.19
2024-04-19,DEMO-01,0.4,0.051,0.213,36.02
2024-04-20,DEMO-01,3.43,0.08,0.215,31.55
2024-04-21,DEMO-01,0.0,0.066,0.215,32.92
2024-04-22,DEMO-01,3.6,0.094,0.218,32.88
2024-04-23,DEMO-01,0.0,0.077,0.219,30.82
2024-04-24,DEMO-01,0.0,0.063,0.219,32.42
2024-04-25,DEMO-01,0.0,0.052,0.218,33.83
2024-04-26,DEMO-01,5.23,0.098,0.22,33.17
2024-04-27,DEMO-01,0.0,0.08,0.221,30.26
2024-04-28,DEMO-01,0.4,0.071,0.221,32.77
2024-04-29,DEMO-01,1.42,0.075,0.222,35.03
2024-04-30,DEMO-01,0.0,0.061,0.222,34.62
2024-05-01,DEMO-01,0.0,0.05,0.22,35.6
2024-05-02,DEMO-01,0.0,0.05,0.22,32.61
2024-05-03,DEMO-01,0.0,0.05,0.219,35.87
2024-05-04,DEMO-01,0.0,0.05,0.218,34.11
2024-05-05,DEMO-01,0.0,0.05,0.217,36.49
2024-05-06,DEMO-01,0.4,0.05,0.217,34.32
2024-05-07,DEMO-01,0.4,0.05,0.216,31.54
2024-05-08,DEMO-01,0.0,0.05,0.216,35.7
2024-05-09,DEMO-01,1.4,0.057,0.216,33.88
2024-05-10,DEMO-01,0.4,0.052,0.215,34.11
2024-05-11,DEMO-01,0.0,0.05,0.215,32.69
2024-05-12,DEMO-01,20.99,0.192,0.223,35.76
2024-05-13,DEMO-01,6.96,0.228,0.233,33.7
2024-05-14,DEMO-01,3.0,0.221,0.241,36.94
2024-05-15,DEMO-01,3.33,0.218,0.249,34.17
2024-05-16,DEMO-01,0.0,0.179,0.253,33.74
2024-05-17,DEMO-01,0.0,0.147,0.255,36.94
2024-05-18,DEMO-01,0.0,0.12,0.255,35.03
2024-05-19,DEMO-01,0.4,0.104,0.254,35.07
2024-05-20,DEMO-01,30.48,0.264,0.263,31.52
2024-05-21,DEMO-01,0.0,0.217,0.268,34.62
2024-05-22,DEMO-01,0.0,0.178,0.27,35.9
2024-05-23,DEMO-01,0.0,0.146,0.27,33.51
2024-05-24,DEMO-01,0.0,0.12,0.269,34.6
2024-05-25,DEMO-01,0.4,0.103,0.266,34.77
2024-05-26,DEMO-01,0.4,0.089,0.263,35.47
2024-05-27,DEMO-01,7.84,0.151,0.264,37.01
2024-05-28,DEMO-01,0.0,0.124,0.263,35.02
2024-05-29,DEMO-01,2.49,0.13,0.263,34.33
2024-05-30,DEMO-01,0.4,0.111,0.262,39.28
2024-05-31,DEMO-01,0.0,0.091,0.259,34.86
2024-06-01,DEMO-01,0.0,0.075,0.256,35.2
2024-06-02,DEMO-01,1.6,0.08,0.253,34.87
2024-06-03,DEMO-01,0.0,0.066,0.25,35.08
2024-06-04,DEMO-01,0.0,0.054,0.246,35.57
2024-06-05,DEMO-01,0.0,0.05,0.243,36.75
2024-06-06,DEMO-01,0.4,0.05,0.24,35.99
2024-06-07,DEMO-01,0.0,0.05,0.237,36.94
2024-06-08,DEMO-01,0.0,0.05,0.234,36.88
2024-06-09,DEMO-01,5.79,0.102,0.235,35.33
2024-06-10,DEMO-01,39.9,0.279,0.247,33.42
2024-06-11,DEMO-01,0.0,0.229,0.254,36.91
2024-06-12,DEMO-01,0.0,0.188,0.259,33.78
2024-06-13,DEMO-01,5.38,0.211,0.264,38.48
2024-06-14,DEMO-01,5.23,0.228,0.27,34.24
2024-06-15,DEMO-01,43.34,0.387,0.285,32.06
2024-06-16,DEMO-01,0.0,0.318,0.294,33.54
2024-06-17,DEMO-01,0.0,0.26,0.299,33.55
2024-06-18,DEMO-01,22.2,0.37,0.31,35.15
2024-06-19,DEMO-01,20.76,0.454,0.325,37.02
2024-06-20,DEMO-01,38.01,0.565,0.345,31.94
2024-06-21,DEMO-01,0.0,0.464,0.358,35.56
2024-06-22,DEMO-01,15.36,0.506,0.371,34.39
2024-06-23,DEMO-01,16.83,0.549,0.386,35.35
2024-06-24,DEMO-01,26.1,0.618,0.404,36.45
2024-06-25,DEMO-01,0.0,0.507,0.413,37.07
2024-06-26,DEMO-01,22.68,0.573,0.425,33.15
2024-06-27,DEMO-01,71.89,0.686,0.443,31.12
2024-06-28,DEMO-01,20.05,0.71,0.461,34.47
2024-06-29,DEMO-01,0.4,0.587,0.469,34.76
2024-06-30,DEMO-01,12.35,0.591,0.477,32.47
2024-07-01,DEMO-01,27.38,0.656,0.488,31.92
2024-07-02,DEMO-01,22.99,0.697,0.5,34.89
2024-07-03,DEMO-01,36.88,0.763,0.516,34.14
2024-07-04,DEMO-01,0.4,0.631,0.521,34.35
2024-07-05,DEMO-01,0.0,0.517,0.519,35.01
2024-07-06,DEMO-01,43.96,0.625,0.524,33.55
2024-07-07,DEMO-01,0.0,0.512,0.521,32.21
2024-07-08,DEMO-01,48.22,0.625,0.526,30.94
2024-07-09,DEMO-01,0.0,0.513,0.523,37.39
2024-07-10,DEMO-01,42.1,0.619,0.527,32.33
2024-07-11,DEMO-01,25.94,0.676,0.534,31.33
2024-07-12,DEMO-01,0.0,0.554,0.533,34.68
2024-07-13,DEMO-01,0.4,0.459,0.526,35.92
2024-07-14,DEMO-01,22.15,0.532,0.525,29.55
2024-07-15,DEMO-01,23.26,0.596,0.527,33.29
2024-07-16,DEMO-01,0.0,0.489,0.523,33.97
2024-07-17,DEMO-01,7.89,0.479,0.518,31.7
2024-07-18,DEMO-01,18.83,0.535,0.518,33.44
2024-07-19,DEMO-01,124.37,0.659,0.525,26.54
2024-07-20,DEMO-01,5.5,0.598,0.527,34.13
2024-07-21,DEMO-01,13.01,0.604,0.53,33.22
2024-07-22,DEMO-01,0.0,0.495,0.526,33.1
2024-07-23,DEMO-01,40.4,0.603,0.528,29.98
2024-07-24,DEMO-01,28.13,0.668,0.535,31.83
2024-07-25,DEMO-01,1.01,0.56,0.534,35.72
2024-07-26,DEMO-01,0.0,0.459,0.527,34.92
2024-07-27,DEMO-01,95.5,0.595,0.529,28.55
2024-07-28,DEMO-01,0.0,0.488,0.525,33.19
2024-07-29,DEMO-01,6.86,0.47,0.519,33.72
2024-07-30,DEMO-01,75.83,0.602,0.523,30.99
2024-07-31,DEMO-01,0.0,0.494,0.519,35.43
2024-08-01,DEMO-01,1.15,0.419,0.511,34.02
2024-08-02,DEMO-01,0.0,0.343,0.499,31.13
2024-08-03,DEMO-01,9.44,0.371,0.49,33.29
2024-08-04,DEMO-01,24.67,0.469,0.488,32.64
2024-08-05,DEMO-01,14.89,0.508,0.489,32.69
2024-08-06,DEMO-01,0.4,0.421,0.484,34.33
2024-08-07,DEMO-01,14.78,0.469,0.483,35.19
2024-08-08,DEMO-01,6.53,0.451,0.481,34.55
2024-08-09,DEMO-01,88.02,0.588,0.487,30.93
2024-08-10,DEMO-01,0.0,0.483,0.486,32.98
2024-08-11,DEMO-01,0.0,0.396,0.48,34.7
2024-08-12,DEMO-01,0.4,0.329,0.471,32.43
2024-08-13,DEMO-01,8.21,0.351,0.463,34.1
2024-08-14,DEMO-01,3.89,0.33,0.455,33.54
2024-08-15,DEMO-01,0.0,0.271,0.445,37.08
2024-08-16,DEMO-01,0.4,0.227,0.432,35.87
2024-08-17,DEMO-01,0.0,0.186,0.419,36.78
2024-08-18,DEMO-01,0.4,0.157,0.404,34.77
2024-08-19,DEMO-01,0.4,0.134,0.39,33.98
2024-08-20,DEMO-01,51.4,0.317,0.389,30.78
2024-08-21,DEMO-01,5.2,0.315,0.388,35.55
2024-08-22,DEMO-01,0.0,0.259,0.383,38.07
2024-08-23,DEMO-01,24.04,0.374,0.386,34.64
2024-08-24,DEMO-01,36.71,0.498,0.396,32.77
2024-08-25,DEMO-01,45.62,0.611,0.412,32.5
2024-08-26,DEMO-01,0.4,0.506,0.42,35.57
2024-08-27,DEMO-01,0.0,0.415,0.422,38.5
2024-08-28,DEMO-01,0.0,0.34,0.419,37.41
2024-08-29,DEMO-01,9.48,0.369,0.418,35.47
2024-08-30,DEMO-01,20.67,0.453,0.422,34.58
2024-08-31,DEMO-01,14.14,0.491,0.428,35.26
2024-09-01,DEMO-01,0.0,0.403,0.429,36.43
2024-09-02,DEMO-01,38.2,0.524,0.436,32.78
2024-09-03,DEMO-01,0.4,0.434,0.438,34.54
2024-09-04,DEMO-01,0.4,0.361,0.434,37.17
2024-09-05,DEMO-01,0.0,0.296,0.427,35.78
2024-09-06,DEMO-01,0.0,0.243,0.417,37.07
2024-09-07,DEMO-01,0.0,0.199,0.406,38.04
2024-09-08,DEMO-01,0.0,0.163,0.394,36.45
2024-09-09,DEMO-01,2.02,0.157,0.382,36.08
2024-09-10,DEMO-01,9.17,0.217,0.375,39.6
2024-09-11,DEMO-01,0.0,0.178,0.367,35.96
2024-09-12,DEMO-01,22.5,0.303,0.367,32.71
2024-09-13,DEMO-01,0.0,0.248,0.364,35.22
2024-09-14,DEMO-01,8.74,0.288,0.363,37.21
2024-09-15,DEMO-01,0.4,0.241,0.36,33.71
2024-09-16,DEMO-01,14.35,0.319,0.361,33.56
2024-09-17,DEMO-01,0.0,0.261,0.36,37.02
2024-09-18,DEMO-01,1.88,0.236,0.356,34.93
2024-09-19,DEMO-01,0.4,0.198,0.351,35.2
2024-09-20,DEMO-01,2.89,0.195,0.346,36.65
2024-09-21,DEMO-01,0.0,0.16,0.339,34.26
2024-09-22,DEMO-01,2.25,0.157,0.333,33.01
2024-09-23,DEMO-01,0.0,0.129,0.326,33.2
2024-09-24,DEMO-01,0.4,0.111,0.318,35.87
2024-09-25,DEMO-01,0.4,0.095,0.31,35.35
2024-09-26,DEMO-01,0.0,0.078,0.302,33.97
2024-09-27,DEMO-01,0.0,0.064,0.294,33.25
2024-09-28,DEMO-01,0.0,0.053,0.286,34.41
2024-09-29,DEMO-01,3.37,0.081,0.28,36.06
2024-09-30,DEMO-01,0.4,0.071,0.274,33.43
2024-10-01,DEMO-01,0.4,0.063,0.269,33.59
2024-10-02,DEMO-01,0.4,0.057,0.264,32.76
2024-10-03,DEMO-01,20.5,0.196,0.267,32.56
2024-10-04,DEMO-01,0.4,0.165,0.269,34.71
2024-10-05,DEMO-01,0.4,0.141,0.269,37.1
2024-10-06,DEMO-01,0.0,0.115,0.267,34.37
2024-10-07,DEMO-01,1.4,0.111,0.265,33.8
2024-10-08,DEMO-01,0.4,0.096,0.263,35.05
2024-10-09,DEMO-01,0.0,0.079,0.259,34.73
2024-10-10,DEMO-01,2.09,0.089,0.257,32.71
2024-10-11,DEMO-01,0.0,0.073,0.254,36.76
2024-10-12,DEMO-01,0.0,0.06,0.25,33.39
2024-10-13,DEMO-01,0.4,0.054,0.246,33.62
2024-10-14,DEMO-01,0.16,0.05,0.243,33.96
2024-10-15,DEMO-01,0.0,0.05,0.24,33.56
2024-10-16,DEMO-01,0.21,0.05,0.237,35.08
2024-10-17,DEMO-01,0.0,0.05,0.234,32.01
2024-10-18,DEMO-01,0.0,0.05,0.232,33.81
2024-10-19,DEMO-01,0.4,0.05,0.23,32.8
2024-10-20,DEMO-01,0.0,0.05,0.228,33.85
2024-10-21,DEMO-01,0.0,0.05,0.226,32.04
2024-10-22,DEMO-01,5.12,0.095,0.227,31.41
2024-10-23,DEMO-01,0.4,0.083,0.228,33.09
2024-10-24,DEMO-01,0.4,0.073,0.228,32.44
2024-10-25,DEMO-01,0.0,0.06,0.227,30.69
2024-10-26,DEMO-01,0.4,0.054,0.225,33.56
2024-10-27,DEMO-01,6.51,0.111,0.228,32.19
2024-10-28,DEMO-01,0.07,0.092,0.229,31.34
2024-10-29,DEMO-01,0.0,0.075,0.228,30.66
2024-10-30,DEMO-01,0.4,0.067,0.228,31.67
2024-10-31,DEMO-01,4.2,0.1,0.229,31.71
2024-11-01,DEMO-01,0.0,0.082,0.229,28.69
2024-11-02,DEMO-01,0.0,0.067,0.229,31.31
2024-11-03,DEMO-01,0.0,0.055,0.227,31.57
2024-11-04,DEMO-01,0.4,0.05,0.226,27.2
2024-11-05,DEMO-01,0.67,0.05,0.224,30.62
2024-11-06,DEMO-01,0.4,0.05,0.223,31.21
2024-11-07,DEMO-01,0.0,0.05,0.222,30.94
2024-11-08,DEMO-01,0.0,0.05,0.221,31.12
2024-11-09,DEMO-01,0.0,0.05,0.22,29.41
2024-11-10,DEMO-01,0.0,0.05,0.219,28.28
2024-11-11,DEMO-01,2.32,0.068,0.219,26.94
2024-11-12,DEMO-01,0.0,0.055,0.219,31.01
2024-11-13,DEMO-01,0.0,0.05,0.218,30.33
2024-11-14,DEMO-01,0.31,0.05,0.217,30.84
2024-11-15,DEMO-01,0.0,0.05,0.217,28.08
2024-11-16,DEMO-01,0.0,0.05,0.216,30.1
2024-11-17,DEMO-01,0.0,0.05,0.215,26.74
2024-11-18,DEMO-01,0.0,0.05,0.215,27.5
2024-11-19,DEMO-01,2.02,0.064,0.216,28.65
2024-11-20,DEMO-01,0.4,0.058,0.216,29.38
2024-11-21,DEMO-01,0.0,0.05,0.215,30.71
2024-11-22,DEMO-01,0.4,0.05,0.215,27.87
2024-11-23,DEMO-01,0.0,0.05,0.214,26.9
2024-11-24,DEMO-01,0.4,0.05,0.214,26.69
2024-11-25,DEMO-01,0.0,0.05,0.214,26.92
2024-11-26,DEMO-01,0.0,0.05,0.213,30.88
2024-11-27,DEMO-01,0.4,0.05,0.213,28.69
2024-11-28,DEMO-01,1.61,0.06,0.214,29.0
2024-11-29,DEMO-01,2.14,0.074,0.215,26.97
2024-11-30,DEMO-01,0.0,0.06,0.215,27.32
2024-12-01,DEMO-01,0.0,0.05,0.215,28.2
2024-12-02,DEMO-01,0.0,0.05,0.214,26.4
2024-12-03,DEMO-01,0.0,0.05,0.214,26.6
2024-12-04,DEMO-01,0.0,0.05,0.214,25.96
2024-12-05,DEMO-01,0.4,0.05,0.213,26.16
2024-12-06,DEMO-01,0.4,0.05,0.213,26.75
2024-12-07,DEMO-01,3.05,0.075,0.215,25.27
2024-12-08,DEMO-01,0.0,0.062,0.215,26.92
2024-12-09,DEMO-01,0.4,0.055,0.215,26.8
2024-12-10,DEMO-01,0.0,0.05,0.214,26.08
2024-12-11,DEMO-01,0.0,0.05,0.214,25.08
2024-12-12,DEMO-01,0.0,0.05,0.214,26.3
2024-12-13,DEMO-01,0.2,0.05,0.214,25.35
2024-12-14,DEMO-01,0.4,0.05,0.213,26.03
2024-12-15,DEMO-01,0.0,0.05,0.213,27.44
2024-12-16,DEMO-01,1.25,0.056,0.213,23.99
2024-12-17,DEMO-01,0.0,0.05,0.213,28.79
2024-12-18,DEMO-01,0.4,0.05,0.213,25.55
2024-12-19,DEMO-01,0.0,0.05,0.213,26.18
2024-12-20,DEMO-01,0.0,0.05,0.212,24.48
2024-12-21,DEMO-01,0.4,0.05,0.212,27.04
2024-12-22,DEMO-01,0.0,0.05,0.212,25.22
2024-12-23,DEMO-01,0.0,0.05,0.212,24.78
2024-12-24,DEMO-01,0.4,0.05,0.212,24.44
2024-12-25,DEMO-01,2.11,0.065,0.213,24.7
2024-12-26,DEMO-01,0.0,0.054,0.213,25.74
2024-12-27,DEMO-01,0.0,0.05,0.213,25.34
2024-12-28,DEMO-01,0.5,0.05,0.212,24.96
2024-12-29,DEMO-01,3.51,0.08,0.214,23.78
2024-12-30,DEMO-01,0.0,0.066,0.215,23.87
2024-12-31,DEMO-01,0.0,0.054,0.215,24.26
2025-01-01,DEMO-01,0.0,0.05,0.214,25.53
2025-01-02,DEMO-01,0.0,0.05,0.214,25.77
2025-01-03,DEMO-01,0.0,0.05,0.214,25.92
2025-01-04,DEMO-01,0.0,0.05,0.213,24.77
2025-01-05,DEMO-01,0.35,0.05,0.213,25.25
2025-01-06,DEMO-01,3.11,0.076,0.215,24.27
2025-01-07,DEMO-01,0.4,0.067,0.215,22.21
2025-01-08,DEMO-01,0.48,0.061,0.216,24.31
2025-01-09,DEMO-01,0.0,0.05,0.215,24.09
2025-01-10,DEMO-01,0.0,0.05,0.215,23.14
2025-01-11,DEMO-01,0.0,0.05,0.214,23.78
2025-01-12,DEMO-01,0.0,0.05,0.214,24.75
2025-01-13,DEMO-01,0.0,0.05,0.214,22.95
2025-01-14,DEMO-01,0.0,0.05,0.213,23.53
2025-01-15,DEMO-01,0.0,0.05,0.213,26.68
2025-01-16,DEMO-01,0.0,0.05,0.213,22.27
2025-01-17,DEMO-01,0.0,0.05,0.213,24.25
2025-01-18,DEMO-01,0.0,0.05,0.213,22.87
2025-01-19,DEMO-01,0.0,0.05,0.212,23.45
2025-01-20,DEMO-01,0.4,0.05,0.212,24.2
2025-01-21,DEMO-01,0.4,0.05,0.212,23.1
2025-01-22,DEMO-01,0.0,0.05,0.212,25.32
2025-01-23,DEMO-01,0.0,0.05,0.212,26.41
2025-01-24,DEMO-01,0.0,0.05,0.212,25.71
2025-01-25,DEMO-01,0.0,0.05,0.212,25.98
2025-01-26,DEMO-01,3.65,0.081,0.214,22.41
2025-01-27,DEMO-01,0.4,0.072,0.215,24.22
2025-01-28,DEMO-01,0.0,0.059,0.215,25.26
2025-01-29,DEMO-01,0.0,0.05,0.214,25.85
2025-01-30,DEMO-01,0.4,0.05,0.214,27.09
2025-01-31,DEMO-01,0.0,0.05,0.214,26.19
2025-02-01,DEMO-01,0.0,0.05,0.214,25.98
2025-02-02,DEMO-01,0.0,0.05,0.213,28.44
2025-02-03,DEMO-01,0.0,0.05,0.213,24.93
2025-02-04,DEMO-01,0.0,0.05,0.213,24.43
2025-02-05,DEMO-01,2.21,0.066,0.214,24.98
2025-02-06,DEMO-01,0.0,0.054,0.214,23.64
2025-02-07,DEMO-01,0.0,0.05,0.213,25.06
2025-02-08,DEMO-01,0.0,0.05,0.213,22.6
2025-02-09,DEMO-01,0.0,0.05,0.213,24.32
2025-02-10,DEMO-01,0.0,0.05,0.213,24.96
2025-02-11,DEMO-01,1.89,0.063,0.213,26.38
2025-02-12,DEMO-01,0.0,0.052,0.213,26.79
2025-02-13,DEMO-01,0.0,0.05,0.213,23.94
2025-02-14,DEMO-01,0.0,0.05,0.213,28.26
2025-02-15,DEMO-01,0.0,0.05,0.213,25.63
2025-02-16,DEMO-01,0.0,0.05,0.212,25.82
2025-02-17,DEMO-01,0.4,0.05,0.212,23.27
2025-02-18,DEMO-01,0.0,0.05,0.212,24.76
2025-02-19,DEMO-01,1.38,0.057,0.213,27.08
2025-02-20,DEMO-01,0.0,0.05,0.212,26.01
2025-02-21,DEMO-01,0.0,0.05,0.212,26.01
2025-02-22,DEMO-01,0.4,0.05,0.212,26.23
2025-02-23,DEMO-01,0.0,0.05,0.212,24.0
2025-02-24,DEMO-01,0.0,0.05,0.212,25.97
2025-02-25,DEMO-01,0.0,0.05,0.212,28.16
2025-02-26,DEMO-01,0.48,0.05,0.212,27.77
2025-02-27,DEMO-01,0.0,0.05,0.212,26.19
2025-02-28,DEMO-01,2.02,0.064,0.212,28.52
2025-03-01,DEMO-01,0.0,0.053,0.213,24.79
2025-03-02,DEMO-01,0.0,0.05,0.212,25.28
2025-03-03,DEMO-01,2.04,0.065,0.213,29.22
2025-03-04,DEMO-01,2.11,0.077,0.215,27.52
2025-03-05,DEMO-01,0.0,0.063,0.215,26.54
2025-03-06,DEMO-01,0.4,0.057,0.215,26.94
2025-03-07,DEMO-01,0.0,0.05,0.215,26.02
2025-03-08,DEMO-01,3.12,0.076,0.216,27.45
2025-03-09,DEMO-01,0.0,0.062,0.216,27.64
2025-03-10,DEMO-01,0.0,0.051,0.216,27.5
2025-03-11,DEMO-01,0.0,0.05,0.215,25.96
2025-03-12,DEMO-01,0.0,0.05,0.215,28.06
2025-03-13,DEMO-01,0.24,0.05,0.214,27.05
2025-03-14,DEMO-01,0.73,0.05,0.214,26.5
2025-03-15,DEMO-01,0.0,0.05,0.214,29.81
2025-03-16,DEMO-01,0.24,0.05,0.214,31.18
2025-03-17,DEMO-01,2.43,0.069,0.214,30.84
2025-03-18,DEMO-01,3.48,0.095,0.217,29.09
2025-03-19,DEMO-01,0.0,0.078,0.218,28.14
2025-03-20,DEMO-01,0.0,0.064,0.218,28.54
2025-03-21,DEMO-01,0.9,0.063,0.218,29.27
2025-03-22,DEMO-01,0.4,0.057,0.218,28.27
2025-03-23,DEMO-01,0.0,0.05,0.217,30.85
2025-03-24,DEMO-01,0.0,0.05,0.217,26.28
2025-03-25,DEMO-01,1.47,0.058,0.217,28.75
2025-03-26,DEMO-01,0.4,0.053,0.216,30.48
2025-03-27,DEMO-01,0.0,0.05,0.216,28.33
2025-03-28,DEMO-01,0.0,0.05,0.215,29.3
2025-03-29,DEMO-01,0.4,0.05,0.215,30.57
2025-03-30,DEMO-01,2.01,0.064,0.215,31.9
2025-03-31,DEMO-01,0.0,0.053,0.215,28.22
2025-04-01,DEMO-01,0.0,0.05,0.215,28.24
2025-04-02,DEMO-01,0.0,0.05,0.214,28.96
2025-04-03,DEMO-01,0.88,0.051,0.214,28.21
2025-04-04,DEMO-01,0.0,0.05,0.214,28.49
2025-04-05,DEMO-01,4.53,0.09,0.216,29.03
2025-04-06,DEMO-01,0.0,0.074,0.217,32.53
2025-04-07,DEMO-01,0.0,0.061,0.217,30.5
2025-04-08,DEMO-01,0.0,0.05,0.216,31.11
2025-04-09,DEMO-01,3.03,0.075,0.217,29.67
2025-04-10,DEMO-01,0.4,0.066,0.218,32.19
2025-04-11,DEMO-01,0.0,0.054,0.217,34.08
2025-04-12,DEMO-01,0.0,0.05,0.217,30.34
2025-04-13,DEMO-01,2.73,0.072,0.218,33.95
2025-04-14,DEMO-01,0.06,0.06,0.217,32.34
2025-04-15,DEMO-01,1.36,0.065,0.218,31.9
2025-04-16,DEMO-01,1.23,0.068,0.218,32.57
2025-04-17,DEMO-01,0.0,0.056,0.218,32.76
2025-04-18,DEMO-01,4.79,0.097,0.22,34.63
2025-04-19,DEMO-01,0.55,0.086,0.221,33.15
2025-04-20,DEMO-01,0.0,0.071,0.222,33.33
2025-04-21,DEMO-01,0.0,0.058,0.221,32.11
2025-04-22,DEMO-01,1.06,0.06,0.221,33.92
2025-04-23,DEMO-01,0.4,0.054,0.22,31.56
2025-04-24,DEMO-01,0.0,0.05,0.219,33.2
2025-04-25,DEMO-01,0.0,0.05,0.218,37.19
2025-04-26,DEMO-01,0.4,0.05,0.218,29.74
2025-04-27,DEMO-01,0.0,0.05,0.217,33.7
2025-04-28,DEMO-01,0.0,0.05,0.216,33.86
2025-04-29,DEMO-01,0.0,0.05,0.216,33.27
2025-04-30,DEMO-01,0.0,0.05,0.215,33.41
2025-05-01,DEMO-01,0.0,0.05,0.215,33.92
2025-05-02,DEMO-01,0.0,0.05,0.214,33.54
2025-05-03,DEMO-01,0.0,0.05,0.214,34.3
2025-05-04,DEMO-01,0.4,0.05,0.214,33.37
2025-05-05,DEMO-01,0.62,0.05,0.214,36.96
2025-05-06,DEMO-01,0.4,0.05,0.213,33.88
2025-05-07,DEMO-01,2.26,0.067,0.214,35.0
2025-05-08,DEMO-01,0.0,0.055,0.214,33.49
2025-05-09,DEMO-01,0.0,0.05,0.214,35.81
2025-05-10,DEMO-01,0.4,0.05,0.214,35.59
2025-05-11,DEMO-01,5.44,0.098,0.216,34.91
2025-05-12,DEMO-01,0.4,0.085,0.218,33.27
2025-05-13,DEMO-01,0.0,0.07,0.218,33.74
2025-05-14,DEMO-01,3.53,0.097,0.221,37.0
2025-05-15,DEMO-01,12.27,0.188,0.228,33.09
2025-05-16,DEMO-01,0.0,0.154,0.233,35.88
2025-05-17,DEMO-01,2.85,0.159,0.237,33.54
2025-05-18,DEMO-01,0.0,0.13,0.24,36.5
2025-05-19,DEMO-01,0.0,0.107,0.24,34.18
2025-05-20,DEMO-01,6.09,0.151,0.244,33.45
2025-05-21,DEMO-01,0.0,0.123,0.245,34.23
2025-05-22,DEMO-01,4.15,0.147,0.248,34.23
2025-05-23,DEMO-01,2.12,0.145,0.25,35.73
2025-05-24,DEMO-01,0.4,0.123,0.25,35.4
2025-05-25,DEMO-01,8.62,0.185,0.255,33.29
2025-05-26,DEMO-01,0.0,0.152,0.257,35.34
2025-05-27,DEMO-01,0.4,0.129,0.257,33.78
2025-05-28,DEMO-01,6.04,0.169,0.26,35.95
2025-05-29,DEMO-01,0.0,0.138,0.26,36.6
2025-05-30,DEMO-01,0.0,0.113,0.259,35.42
2025-05-31,DEMO-01,2.72,0.124,0.259,35.67
2025-06-01,DEMO-01,0.0,0.102,0.258,37.92
2025-06-02,DEMO-01,0.0,0.083,0.255,35.25
2025-06-03,DEMO-01,33.79,0.255,0.263,32.04
2025-06-04,DEMO-01,0.61,0.216,0.268,36.24
2025-06-05,DEMO-01,9.66,0.269,0.276,33.28
2025-06-06,DEMO-01,15.82,0.349,0.288,34.17
2025-06-07,DEMO-01,31.39,0.468,0.306,32.65
2025-06-08,DEMO-01,0.0,0.383,0.317,34.45
2025-06-09,DEMO-01,0.4,0.319,0.324,35.04
2025-06-10,DEMO-01,0.0,0.262,0.325,36.66
2025-06-11,DEMO-01,13.33,0.33,0.331,36.1
2025-06-12,DEMO-01,18.94,0.414,0.342,35.48
2025-06-13,DEMO-01,1.53,0.357,0.348,35.71
2025-06-14,DEMO-01,48.42,0.498,0.362,31.93
2025-06-15,DEMO-01,0.4,0.413,0.369,31.96
2025-06-16,DEMO-01,5.9,0.4,0.375,35.41
2025-06-17,DEMO-01,0.0,0.328,0.376,32.04
2025-06-18,DEMO-01,2.08,0.293,0.375,32.38
2025-06-19,DEMO-01,0.4,0.245,0.37,34.92
2025-06-20,DEMO-01,0.0,0.201,0.364,35.51
2025-06-21,DEMO-01,0.4,0.17,0.356,34.45
2025-06-22,DEMO-01,0.0,0.139,0.347,37.22
2025-06-23,DEMO-01,0.0,0.114,0.337,35.69
2025-06-24,DEMO-01,55.19,0.303,0.34,31.21
2025-06-25,DEMO-01,17.36,0.385,0.348,35.83
2025-06-26,DEMO-01,86.74,0.534,0.364,31.71
2025-06-27,DEMO-01,0.0,0.438,0.373,35.62
2025-06-28,DEMO-01,20.37,0.508,0.385,32.51
2025-06-29,DEMO-01,0.0,0.417,0.391,34.07
2025-06-30,DEMO-01,2.98,0.375,0.393,32.6
2025-07-01,DEMO-01,0.0,0.308,0.391,34.72
2025-07-02,DEMO-01,8.91,0.338,0.391,32.72
2025-07-03,DEMO-01,0.0,0.277,0.387,34.26
2025-07-04,DEMO-01,94.67,0.446,0.394,29.14
2025-07-05,DEMO-01,62.06,0.579,0.408,28.01
2025-07-06,DEMO-01,0.0,0.475,0.415,32.87
2025-07-07,DEMO-01,19.99,0.537,0.425,32.66
2025-07-08,DEMO-01,27.83,0.613,0.438,32.78
2025-07-09,DEMO-01,0.0,0.503,0.444,33.89
2025-07-10,DEMO-01,0.0,0.412,0.443,34.18
2025-07-11,DEMO-01,36.03,0.528,0.449,31.3
2025-07-12,DEMO-01,32.96,0.618,0.461,30.44
2025-07-13,DEMO-01,20.27,0.655,0.473,32.5
2025-07-14,DEMO-01,27.85,0.711,0.488,32.47
2025-07-15,DEMO-01,15.52,0.71,0.501,33.1
2025-07-16,DEMO-01,45.34,0.784,0.518,31.82
2025-07-17,DEMO-01,35.16,0.832,0.536,32.88
2025-07-18,DEMO-01,55.61,0.892,0.555,31.97
2025-07-19,DEMO-01,0.0,0.732,0.563,33.61
2025-07-20,DEMO-01,9.7,0.692,0.568,31.69
2025-07-21,DEMO-01,0.24,0.57,0.564,36.27
2025-07-22,DEMO-01,0.4,0.472,0.555,35.03
2025-07-23,DEMO-01,0.0,0.387,0.542,33.19
2025-07-24,DEMO-01,15.5,0.445,0.533,33.96
2025-07-25,DEMO-01,0.0,0.365,0.52,36.05
2025-07-26,DEMO-01,7.92,0.377,0.51,36.5
2025-07-27,DEMO-01,31.27,0.491,0.507,32.99
2025-07-28,DEMO-01,35.53,0.592,0.511,33.88
2025-07-29,DEMO-01,35.94,0.675,0.52,30.7
2025-07-30,DEMO-01,52.43,0.762,0.533,31.34
2025-07-31,DEMO-01,0.14,0.626,0.537,34.22
2025-08-01,DEMO-01,0.0,0.514,0.533,35.21
2025-08-02,DEMO-01,39.96,0.617,0.536,34.52
2025-08-03,DEMO-01,8.16,0.586,0.537,34.63
2025-08-04,DEMO-01,15.59,0.608,0.539,32.54
2025-08-05,DEMO-01,10.72,0.598,0.54,32.42
2025-08-06,DEMO-01,0.4,0.495,0.535,37.17
2025-08-07,DEMO-01,53.39,0.614,0.537,32.31
2025-08-08,DEMO-01,0.4,0.509,0.533,35.57
2025-08-09,DEMO-01,0.0,0.417,0.524,34.53
2025-08-10,DEMO-01,61.01,0.555,0.524,31.61
2025-08-11,DEMO-01,8.16,0.535,0.522,33.2
2025-08-12,DEMO-01,5.66,0.498,0.519,35.32
2025-08-13,DEMO-01,0.4,0.413,0.511,33.5
2025-08-14,DEMO-01,5.91,0.4,0.502,34.33
2025-08-15,DEMO-01,79.27,0.546,0.504,29.39
2025-08-16,DEMO-01,0.0,0.447,0.499,30.72
2025-08-17,DEMO-01,60.66,0.579,0.503,31.05
2025-08-18,DEMO-01,11.43,0.578,0.507,33.39
2025-08-19,DEMO-01,60.34,0.687,0.517,31.33
2025-08-20,DEMO-01,3.78,0.605,0.521,35.2
2025-08-21,DEMO-01,32.85,0.68,0.529,35.89
2025-08-22,DEMO-01,0.0,0.558,0.528,35.93
2025-08-23,DEMO-01,0.4,0.462,0.522,35.97
2025-08-24,DEMO-01,20.77,0.53,0.521,34.96
2025-08-25,DEMO-01,0.0,0.434,0.514,36.81
2025-08-26,DEMO-01,0.4,0.361,0.503,36.23
2025-08-27,DEMO-01,0.0,0.296,0.489,36.04
2025-08-28,DEMO-01,0.0,0.243,0.473,36.66
2025-08-29,DEMO-01,0.0,0.199,0.456,32.29
2025-08-30,DEMO-01,13.12,0.277,0.446,37.81
2025-08-31,DEMO-01,26.3,0.396,0.444,36.3
2025-09-01,DEMO-01,15.61,0.452,0.445,35.06
2025-09-02,DEMO-01,0.0,0.371,0.442,33.76
2025-09-03,DEMO-01,0.4,0.309,0.435,37.41
2025-09-04,DEMO-01,0.0,0.253,0.425,34.78
2025-09-05,DEMO-01,34.57,0.396,0.425,34.34
2025-09-06,DEMO-01,0.0,0.324,0.421,33.95
2025-09-07,DEMO-01,0.0,0.266,0.413,38.86
2025-09-08,DEMO-01,6.66,0.286,0.407,33.3
2025-09-09,DEMO-01,0.0,0.235,0.399,35.82
2025-09-10,DEMO-01,12.92,0.305,0.396,31.93
2025-09-11,DEMO-01,0.0,0.25,0.39,35.63
2025-09-12,DEMO-01,0.0,0.205,0.382,35.07
2025-09-13,DEMO-01,0.0,0.168,0.372,37.24
2025-09-14,DEMO-01,24.96,0.303,0.372,33.46
2025-09-15,DEMO-01,7.15,0.321,0.372,36.73
2025-09-16,DEMO-01,0.4,0.268,0.37,34.09
2025-09-17,DEMO-01,0.0,0.22,0.364,35.12
2025-09-18,DEMO-01,14.04,0.299,0.364,34.23
2025-09-19,DEMO-01,0.87,0.256,0.362,36.06
2025-09-20,DEMO-01,0.0,0.21,0.357,35.89
2025-09-21,DEMO-01,0.4,0.177,0.35,36.31
2025-09-22,DEMO-01,0.4,0.15,0.342,35.62
2025-09-23,DEMO-01,0.0,0.123,0.334,36.14
2025-09-24,DEMO-01,0.4,0.106,0.325,33.87
2025-09-25,DEMO-01,0.0,0.087,0.316,35.63
2025-09-26,DEMO-01,0.0,0.071,0.307,37.27
2025-09-27,DEMO-01,0.0,0.058,0.298,32.59
2025-09-28,DEMO-01,7.12,0.12,0.293,35.11
2025-09-29,DEMO-01,0.4,0.103,0.288,35.71
2025-09-30,DEMO-01,6.25,0.149,0.287,36.36
2025-10-01,DEMO-01,0.0,0.122,0.284,35.64
2025-10-02,DEMO-01,7.03,0.171,0.284,34.24
2025-10-03,DEMO-01,10.46,0.237,0.288,34.4
2025-10-04,DEMO-01,3.44,0.233,0.292,33.12
2025-10-05,DEMO-01,9.01,0.278,0.298,33.16
2025-10-06,DEMO-01,0.0,0.228,0.3,32.3
2025-10-07,DEMO-01,0.0,0.187,0.3,36.15
2025-10-08,DEMO-01,0.0,0.153,0.297,34.6
2025-10-09,DEMO-01,0.0,0.126,0.293,32.58
2025-10-10,DEMO-01,0.0,0.103,0.288,34.14
2025-10-11,DEMO-01,0.0,0.084,0.283,35.27
2025-10-12,DEMO-01,0.4,0.074,0.277,34.9
2025-10-13,DEMO-01,2.65,0.091,0.273,31.96
2025-10-14,DEMO-01,0.0,0.075,0.268,28.92
2025-10-15,DEMO-01,1.14,0.075,0.264,33.68
2025-10-16,DEMO-01,2.73,0.092,0.261,31.67
2025-10-17,DEMO-01,0.0,0.076,0.258,33.83
2025-10-18,DEMO-01,2.08,0.086,0.255,34.04
2025-10-19,DEMO-01,4.17,0.116,0.255,34.02
2025-10-20,DEMO-01,0.0,0.095,0.254,35.04
2025-10-21,DEMO-01,1.64,0.097,0.252,34.1
2025-10-22,DEMO-01,0.0,0.08,0.25,34.79
2025-10-23,DEMO-01,0.4,0.07,0.247,34.12
2025-10-24,DEMO-01,0.0,0.058,0.244,34.14
2025-10-25,DEMO-01,0.0,0.05,0.241,31.91
2025-10-26,DEMO-01,6.65,0.109,0.241,29.61
2025-10-27,DEMO-01,0.0,0.089,0.241,35.18
2025-10-28,DEMO-01,0.0,0.073,0.239,31.66
2025-10-29,DEMO-01,0.0,0.06,0.237,33.16
2025-10-30,DEMO-01,0.0,0.05,0.234,30.54
2025-10-31,DEMO-01,0.4,0.05,0.232,32.51
2025-11-01,DEMO-01,0.0,0.05,0.23,27.63
2025-11-02,DEMO-01,0.0,0.05,0.228,30.34
2025-11-03,DEMO-01,0.44,0.05,0.226,30.62
2025-11-04,DEMO-01,0.4,0.05,0.225,31.28
2025-11-05,DEMO-01,0.0,0.05,0.223,32.02
2025-11-06,DEMO-01,0.0,0.05,0.222,28.86
2025-11-07,DEMO-01,0.0,0.05,0.221,31.18
2025-11-08,DEMO-01,2.03,0.065,0.221,31.72
2025-11-09,DEMO-01,0.0,0.053,0.22,33.28
2025-11-10,DEMO-01,0.4,0.05,0.219,30.83
2025-11-11,DEMO-01,0.0,0.05,0.218,29.09
2025-11-12,DEMO-01,1.64,0.06,0.218,27.72
2025-11-13,DEMO-01,0.0,0.05,0.218,32.04
2025-11-14,DEMO-01,3.93,0.084,0.219,30.14
2025-11-15,DEMO-01,0.0,0.069,0.219,29.19
2025-11-16,DEMO-01,0.0,0.057,0.219,26.83
2025-11-17,DEMO-01,0.4,0.051,0.218,27.64
2025-11-18,DEMO-01,1.39,0.058,0.218,29.64
2025-11-19,DEMO-01,0.4,0.053,0.218,29.19
2025-11-20,DEMO-01,0.4,0.05,0.217,25.85
2025-11-21,DEMO-01,0.0,0.05,0.216,29.36
2025-11-22,DEMO-01,0.0,0.05,0.216,26.16
2025-11-23,DEMO-01,0.0,0.05,0.215,30.13
2025-11-24,DEMO-01,0.07,0.05,0.215,28.4
2025-11-25,DEMO-01,0.0,0.05,0.214,27.35
2025-11-26,DEMO-01,0.0,0.05,0.214,29.27
2025-11-27,DEMO-01,0.14,0.05,0.214,28.26
2025-11-28,DEMO-01,0.0,0.05,0.214,29.51
2025-11-29,DEMO-01,0.0,0.05,0.213,27.66
2025-11-30,DEMO-01,0.0,0.05,0.213,27.63
2025-12-01,DEMO-01,0.0,0.05,0.213,26.93
2025-12-02,DEMO-01,0.4,0.05,0.213,27.56
2025-12-03,DEMO-01,0.4,0.05,0.212,29.47
2025-12-04,DEMO-01,0.0,0.05,0.212,26.31
2025-12-05,DEMO-01,0.0,0.05,0.212,27.81
2025-12-06,DEMO-01,2.97,0.074,0.214,25.39
2025-12-07,DEMO-01,0.0,0.061,0.214,23.81
2025-12-08,DEMO-01,0.0,0.05,0.214,26.9
2025-12-09,DEMO-01,4.28,0.088,0.216,26.77
2025-12-10,DEMO-01,0.0,0.072,0.217,26.27
2025-12-11,DEMO-01,1.98,0.082,0.218,24.11
2025-12-12,DEMO-01,0.0,0.067,0.218,26.67
2025-12-13,DEMO-01,0.0,0.055,0.218,26.53
2025-12-14,DEMO-01,0.0,0.05,0.217,24.83
2025-12-15,DEMO-01,0.0,0.05,0.217,24.09
2025-12-16,DEMO-01,0.0,0.05,0.216,25.55
2025-12-17,DEMO-01,0.0,0.05,0.216,26.74
2025-12-18,DEMO-01,0.0,0.05,0.215,26.33
2025-12-19,DEMO-01,0.4,0.05,0.215,24.42
2025-12-20,DEMO-01,0.4,0.05,0.214,25.77
2025-12-21,DEMO-01,0.0,0.05,0.214,26.77
2025-12-22,DEMO-01,0.0,0.05,0.214,23.82
2025-12-23,DEMO-01,0.0,0.05,0.213,25.48
2025-12-24,DEMO-01,0.0,0.05,0.213,27.21
2025-12-25,DEMO-01,0.0,0.05,0.213,23.48
2025-12-26,DEMO-01,0.0,0.05,0.213,26.83
2025-12-27,DEMO-01,0.0,0.05,0.213,27.42
2025-12-28,DEMO-01,0.0,0.05,0.212,24.79
2025-12-29,DEMO-01,0.0,0.05,0.212,24.56
2025-12-30,DEMO-01,0.0,0.05,0.212,26.44
2025-12-31,DEMO-01,0.0,0.05,0.212,24.69
